numStages,elapsedTime,executorRunTime,executorCpuTime,peakExecutionMemory,numNodes,numEdges,datasetSize,graphType
8,197147,530003,288540,1649,12031,71630973,693.5823526382446,erdos
6,119476,440897,210554,1132,10528,49278147,464.75814628601074,erdos
6,375103,1477558,617285,2100,14224,91211309,907.9485902786255,erdos
8,373901,1228693,570354,2012,12685,87428443,854.496319770813,erdos
6,103774,512054,271904,1569,12157,68122947,660.8529357910156,erdos
6,356370,1491642,653856,2078,14737,90294367,903.5020685195923,erdos
6,279582,965408,474201,1756,13209,76270990,750.4894971847534,erdos
6,384483,1612005,651665,2178,13902,94623948,938.6508836746216,erdos
6,286911,1075479,502317,1876,13010,81483349,799.7905902862549,erdos
6,274443,939799,475666,1810,13001,78672656,772.1026601791382,erdos
17,971387,2989837,1532767,1916,13577,89648752,886.0312881469727,erdos
8,344420,1099961,576718,2049,13110,88989753,874.5682764053345,erdos
6,125377,469378,203202,1160,10175,50522034,472.96276473999023,erdos
8,246401,661415,343660,1812,12537,78724314,767.8662595748901,erdos
8,330687,775872,361984,1753,11819,76164774,735.0829544067383,erdos
8,266032,710848,363749,1659,11627,72098395,693.7051000595093,erdos
6,124827,468244,216695,1210,10158,52684598,493.0213565826416,erdos
6,131839,554937,254316,1406,11327,61201641,585.9048452377319,erdos
6,245137,548163,282959,1272,10554,55422835,522.9830150604248,erdos
8,290947,742294,406302,1740,12872,75636921,741.0787057876587,erdos
8,236074,709025,375109,1900,13144,82492462,811.0464582443237,erdos
6,137739,402397,167366,961,10004,41870433,390.4762849807739,erdos
6,434934,2126912,883582,2458,14176,106724545,1061.830174446106,erdos
6,128382,516107,248722,1385,10683,60284269,570.3164968490601,erdos
6,131474,452514,196889,1042,10141,45372737,424.44223976135254,erdos
6,451644,1816030,664625,2109,13115,91687447,901.1296377182007,erdos
6,409431,1958727,865216,2449,14141,106309636,1057.3083229064941,erdos
8,247743,973509,496504,2207,14796,95822354,959.3554363250732,erdos
8,239524,645807,340631,1582,11549,68670456,659.8693895339966,erdos
6,114558,489676,248171,1387,10819,60402772,572.946418762207,erdos
13,640497,1931207,1063319,2029,14012,88094334,874.9311323165894,erdos
12,836178,2617190,1412077,2613,14982,113446078,1137.8332901000977,erdos
8,291152,992136,533170,1986,13279,86238278,849.3051719665527,erdos
6,138836,502728,235201,1277,10129,55630544,520.2575998306274,erdos
6,115056,558412,287091,1598,12853,69434891,680.1434917449951,erdos
8,254687,835679,425619,1846,13092,80147402,787.4890956878662,erdos
6,134290,518335,222597,1230,11457,53554736,513.8306512832642,erdos
6,285198,1226493,526815,1918,13867,83303150,826.0462598800659,erdos
6,141537,409158,174561,966,10054,42078497,392.8604040145874,erdos
6,132935,494735,238249,1282,11479,55636125,533.9962873458862,erdos
6,432785,2062469,856814,2443,14085,106066804,1054.2587003707886,erdos
8,379425,1284616,661247,2106,13972,91529660,908.6571283340454,erdos
6,125931,529171,235776,1341,10587,58388137,551.3306951522827,erdos
6,127892,480110,215287,1188,10659,51736479,489.2223882675171,erdos
6,153814,636045,303871,1521,12710,66105297,646.3053035736084,erdos
6,127803,521375,235553,1288,10421,56067720,527.632022857666,erdos
6,465265,2165095,908850,2394,14086,103977025,1033.4992561340332,erdos
8,223872,709920,376691,1744,12858,75749655,742.0451583862305,erdos
6,331509,1242336,519826,2091,14068,90809042,902.4438333511353,erdos
8,298968,866047,465356,1932,13244,83868026,825.6015911102295,erdos
6,126940,560686,265357,1425,10735,62055645,587.675371170044,erdos
6,172425,652804,284238,1502,12018,65270613,631.871205329895,erdos
8,190516,503497,267583,1565,11831,67954009,655.9612646102905,erdos
8,379984,1348876,664433,2121,14702,92070814,920.9638538360596,erdos
6,127989,486249,216505,1220,10486,53117221,500.5357036590576,erdos
6,282769,1129174,468358,1775,13315,77115056,759.778413772583,erdos
6,132688,537265,242962,1285,10654,55947286,528.9876403808594,erdos
6,113308,479469,244294,1329,10488,57875053,545.3947668075562,erdos
6,113308,479469,244294,1056,10488,57875053,908.0158166885376,erdos
8,229868,604365,316201,1728,11913,75076412,725.6314220428467,erdos
10,555452,1969953,981322,3067,14964,121028466,1213.6653633117676,erdos
6,178677,607326,269989,1443,12439,62699404,610.7191905975342,erdos
6,50355,97783,59978,0,5576,15347769,140.53814506530762,erdos
6,101296,254136,122469,696,8548,30301617,281.47009468078613,erdos
6,61164,121272,75081,409,5939,17812985,163.5264654159546,erdos
6,52095,102369,60663,358,5833,15567766,142.81655597686768,erdos
6,126450,415894,191033,1045,10243,45509257,426.6671886444092,erdos
6,87119,176870,105722,577,7089,25159084,232.4208860397339,erdos
6,137144,630617,278361,1522,11507,66125183,634.9694719314575,erdos
6,128425,421192,190156,1044,10568,45421092,428.7265100479126,erdos
6,55503,109562,67185,359,5470,15646626,143.16379642486572,erdos
6,117944,405696,176485,1013,10077,44071958,411.6832790374756,erdos
6,39342,76533,48543,250,5060,10909039,99.47195339202881,erdos
6,49826,98098,63888,340,5412,14801317,135.36585330963135,erdos
6,122786,425454,191528,1037,9721,45154252,420.7885322570801,erdos
6,66871,132978,80435,463,6710,20153845,185.84530067443848,erdos
6,98314,251777,143458,763,8543,33223140,308.60769844055176,erdos
6,82801,166754,101753,563,6964,24515253,226.34292125701904,erdos
6,71564,142407,87140,489,6431,21284613,195.97809600830078,erdos
6,77791,156978,94202,522,8083,22758922,211.05812454223633,rgg
6,30023,57264,35833,189,5059,8223866,74.9816312789917,rgg
6,94646,243031,140886,770,9510,33514575,312.16840076446533,rgg
6,48157,93877,54807,321,7237,13975686,129.1654510498047,rgg
6,97544,256046,145956,776,12080,33705876,326.591854095459,rgg
6,117955,504386,249020,1371,12664,59599728,582.3789405822754,rgg
6,110646,280146,144571,735,10707,32027741,303.27700328826904,rgg
6,111345,364033,173195,965,11039,42049583,400.42821502685547,rgg
6,40413,77502,47773,252,6080,10941508,100.51976871490479,rgg
6,131267,512997,235815,1275,12916,55371901,542.8182744979858,rgg
6,97743,200910,113469,643,9451,28004760,260.918869972229,rgg
6,100916,241398,122879,665,9485,28946788,269.58127212524414,rgg
6,107901,356641,183465,975,12383,42394754,412.62878608703613,rgg
6,36153,68898,44790,237,5467,10331261,94.48920249938965,rgg
6,124782,413745,198100,1013,11856,44021425,425.06507205963135,rgg
6,90304,180497,106352,601,8582,26178377,243.13876152038574,rgg
6,83004,160328,99591,616,9936,26818089,249.9488706588745,rgg
6,65930,131895,78851,435,7933,18957358,175.73187923431396,rgg
6,36489,69975,41928,233,5410,10147070,92.77238750457764,rgg
6,69538,138310,84784,464,10299,20176356,189.36244678497314,rgg
6,99525,200966,115956,618,8487,26917469,249.99880409240723,rgg
6,62016,121279,74300,400,7869,17407745,161.29564571380615,rgg
6,58476,115850,71118,394,6885,17163770,158.38070106506348,rgg
6,52181,97315,61908,371,7858,16140345,149.56631469726562,rgg
6,50201,96078,61376,360,9062,15666408,145.78620433807373,rgg
6,106081,277146,139218,762,12068,33096069,320.465744972229,rgg
6,75883,146734,91280,563,9114,24518968,228.10827827453613,rgg
6,44427,84154,55428,333,6235,14475323,133.13610363006592,rgg
6,45642,88978,56240,323,6708,14059073,129.65312957763672,rgg
6,78318,149613,92870,570,10580,24819742,234.35726356506348,rgg
6,80065,153956,95159,596,8520,25953514,241.04994869232178,rgg
6,31896,61982,40338,211,6306,9142481,84.09517574310303,rgg
6,87585,176794,94822,557,8840,24262748,225.609224319458,rgg
6,72678,137616,87251,535,7910,23330725,216.1792984008789,rgg
6,39833,76185,47923,250,6083,10876074,99.91885280609131,rgg
6,129578,480913,205697,1117,12702,48551005,474.50246238708496,rgg
6,54390,107381,63968,344,7524,14980196,138.6698293685913,rgg
6,94963,191355,114730,625,10444,27242818,256.52268409729004,rgg
6,74656,149780,91188,520,8734,22637504,210.38497734069824,rgg
6,115755,328044,165847,879,11424,38260753,366.8012294769287,rgg
6,112845,374628,180495,1001,12508,43458159,423.6513433456421,rgg
6,87470,203748,123925,672,8978,29253714,272.0828437805176,rgg
6,94784,241454,135922,722,11145,31432388,299.8538188934326,rgg
6,34369,65312,41983,219,5623,9552620,87.51881504058838,rgg
6,61130,113274,72200,448,7588,19521762,180.72713565826416,rgg
6,127203,357156,168537,891,12383,38709178,376.6793546676636,rgg
6,130382,466292,202854,1131,11984,49141767,475.42685413360596,rgg
6,29301,55492,35709,192,6894,8323996,76.82446479797363,rgg
6,55507,106830,67778,408,9975,17726487,165.32259559631348,rgg
6,55618,104882,67928,362,7339,15753222,145.70031642913818,rgg
6,79462,155400,96419,587,9854,25556988,238.25618171691895,rgg
6,64718,129470,76716,438,9756,19068043,177.6915407180786,rgg
6,50205,95430,62404,373,8869,16237846,150.95344257354736,rgg
6,79562,158747,102121,627,11233,27304359,261.02995204925537,rgg
6,60321,120244,72068,399,9826,17383911,162.08318710327148,rgg
6,43591,84315,53278,289,6182,12546365,115.33046340942383,rgg
6,30718,59496,38390,215,5411,9349172,85.52115249633789,rgg
6,96068,277751,166162,941,10667,40962673,387.40425300598145,rgg
6,36655,70698,44882,225,5259,9801414,89.4976863861084,rgg
6,93590,232486,133309,719,11666,31212410,300.45817279815674,rgg
6,104425,279576,142821,799,10552,34780084,328.1412706375122,rgg
6,109810,363213,169313,942,12456,40886190,398.523476600647,rgg
6,84546,165076,103213,643,9696,28019765,261.11402893066406,rgg
6,39507,77733,48737,250,6283,10874257,100.07176876068115,rgg
6,122833,336875,160361,859,12511,37351271,364.40685272216797,rgg
6,68808,136749,79302,455,9811,19782108,184.4333667755127,rgg
6,126384,361502,184522,939,12012,40871880,395.6049165725708,rgg
6,97446,240264,131306,724,11444,31494863,302.0078868865967,rgg
6,79468,155355,93620,578,9104,25157351,234.14663887023926,rgg
6,35684,68339,44073,230,6981,10009755,92.43001651763916,rgg
6,41763,80399,50491,284,6384,12366800,113.8129825592041,rgg
6,104715,270150,146203,780,11905,33928980,327.90105152130127,rgg
6,110749,286564,136947,787,10326,34249005,321.7352771759033,rgg
6,94196,234105,128420,700,12532,30406403,296.791485786438,rgg
6,127288,486885,224084,1204,12583,52353800,510.9435405731201,rgg
6,26914,51176,32328,180,6518,7798248,71.81619548797607,rgg
6,71894,143804,86056,492,8985,21436013,199.35719394683838,rgg
6,73735,148607,85123,501,10540,21811616,205.71850776672363,rgg
6,26846,50266,32951,172,5067,7476085,68.14632415771484,rgg
6,37285,68504,43847,239,6233,10396176,95.644455909729,rgg
6,75866,152872,95379,521,8532,22670527,210.49397373199463,rgg
6,54118,107726,67978,364,8888,15816999,147.02497959136963,rgg
6,31117,55594,36764,184,5659,7999642,73.2959337234497,rgg
6,64503,127867,73911,442,10584,19234085,181.583101272583,rgg
6,117826,412222,193337,1087,11489,47245579,453.4945125579834,rgg
6,23868,44775,29134,154,5334,6674283,61.02089595794678,rgg
6,40875,79959,48461,271,7254,11761090,108.72802543640137,rgg
6,30818,58775,36963,193,5906,8366928,76.81914615631104,rgg
6,41981,81756,51182,278,5899,12080934,110.80425930023193,rgg
6,98323,198424,110155,630,8775,27425912,254.93012046813965,rgg
6,57576,112738,71627,397,7998,17262017,160.07284355163574,rgg
6,53138,99499,58305,333,7011,14473615,133.64575481414795,rgg
6,114877,310505,150780,809,10537,35213822,332.2072458267212,rgg
6,32863,63932,42582,230,7100,9985547,92.25430393218994,rgg
6,102613,274603,144950,769,11759,33398344,322.11417293548584,rgg
6,134785,521525,234030,1247,12246,54152993,525.9599456787109,rgg
6,59277,116748,72340,415,9270,18075288,168.22761821746826,rgg
6,85349,172872,97136,545,9243,23746206,221.02908611297607,rgg
6,105700,259515,142545,754,9587,32843666,306.01703453063965,rgg
6,120223,409072,184911,981,12801,42631424,417.3103151321411,rgg
6,46099,91693,57889,316,8016,13752294,127.5676155090332,rgg
6,28404,53296,35100,178,7497,7705065,71.71639060974121,sf
6,32481,61717,39986,188,9313,8144300,76.19435787200928,sf
6,24922,46922,31014,144,10567,6199758,58.52014446258545,sf
6,21822,41010,26017,125,10167,5392230,50.54099464416504,sf
6,24608,46270,30815,151,9425,6543847,61.179059982299805,sf
6,26233,49225,32894,158,5440,6863927,63.05378437042236,sf
6,24123,44469,29668,130,6963,5630153,52.25677967071533,sf
6,32381,62064,40744,208,8384,9023158,84.28635883331299,sf
6,53957,107766,67199,349,11112,15147338,143.75024795532227,sf
6,26266,50258,33405,152,5263,6602232,60.56235980987549,sf
6,24159,45909,30543,142,7774,6128381,57.05182933807373,sf
6,34308,65811,44152,211,7359,9136706,84.97390937805176,sf
6,32064,60727,38882,196,6422,8507250,78.59504508972168,sf
6,27404,51834,34288,166,11503,7091607,68.10544300079346,sf
6,19141,34571,26105,111,6391,4781217,44.27545928955078,sf
6,48130,94238,60727,313,12640,13529040,132.23791027069092,sf
6,30275,58124,37209,186,7403,8076067,75.23452472686768,sf
6,26916,48522,31683,162,5741,7043674,64.93906497955322,sf
6,35458,68693,41717,221,12294,9537785,92.77404499053955,sf
6,28791,54524,36439,169,6671,7328332,68.07627773284912,sf
6,39038,76271,50980,241,11130,10447007,99.61398124694824,sf
6,33825,64691,42354,226,12183,9744318,94.59850025177002,sf
6,37697,73300,49674,241,12274,10390691,101.01905822753906,sf
6,17041,30941,22131,94,6409,4046283,37.44296836853027,sf
6,25157,47154,32636,166,8605,7169309,66.91765975952148,sf
6,29072,56109,34996,174,8475,7539297,70.39247703552246,sf
6,25404,48523,32441,150,6571,6507449,60.32026386260986,sf
6,26010,49325,31902,156,5475,6773697,62.295860290527344,sf
6,18433,33721,21667,104,8541,4482069,41.772382736206055,sf
6,29030,54734,36751,180,9676,7809954,73.06300354003906,sf
6,28995,54675,35100,173,6476,7495405,69.52804183959961,sf
6,26314,50419,34786,165,6567,7159800,66.47949028015137,sf
6,25070,47024,29409,146,7137,6309861,58.65968036651611,sf
6,41472,80314,51177,261,11718,11271075,108.55070209503174,sf
6,15646,28372,18558,79,6358,3391803,31.35115337371826,sf
6,33344,64121,41734,203,9741,8793434,82.33832263946533,sf
6,22955,42423,28776,138,7731,5940575,55.30736827850342,sf
6,21052,38781,25119,116,8922,5006270,46.70977592468262,sf
6,26806,50600,32008,162,5957,7019181,64.88888931274414,sf
6,45607,89744,56165,291,9981,12648680,118.48670482635498,sf
6,38443,71200,44403,225,11939,9697735,93.78103446960449,sf
6,42070,81300,52733,261,10780,11329854,107.37372970581055,sf
6,23624,44590,30107,128,9541,5544300,51.810194969177246,sf
6,29702,56862,36293,181,11883,7770458,75.09509944915771,sf
6,26721,50930,34012,161,11161,6958959,66.43449306488037,sf
6,22490,42663,27763,134,6233,5784775,53.51736831665039,sf
6,21413,40391,28890,148,6440,6398245,59.272043228149414,sf
6,49824,98799,61465,310,10219,13458065,126.35062217712402,sf
6,44220,86097,54509,276,12136,11902464,115.38456058502197,sf
6,23561,43663,28220,135,7315,5823740,54.12304401397705,sf
6,25100,47184,31029,149,5618,6479325,59.791873931884766,sf
6,75254,149109,92863,482,15457,20897916,210.30348205566406,sf
6,108101,274645,140837,738,16263,32017050,322.0479497909546,sf
6,93837,234492,135744,717,15754,31082040,311.1396150588989,sf
6,92904,185193,110655,598,13483,25994375,253.58417797088623,sf
6,97169,193369,119523,619,13571,26910999,262.6081428527832,sf
6,97685,243685,126563,683,14762,29615035,293.24674224853516,sf
6,54508,108263,67785,364,11585,15746275,150.6905002593994,sf
6,86754,172585,103733,553,19276,24033345,248.90919303894043,sf
6,68886,132226,74500,414,13488,17962925,177.01971817016602,sf
6,60701,119667,74167,377,15202,16313973,164.14419269561768,sf
6,77689,157049,95017,534,12804,23184903,224.3854742050171,sf
6,104973,289625,164406,823,19165,35744829,367.76901626586914,sf
6,55709,108800,68261,364,12076,15776145,152.43725299835205,sf
6,100804,271855,144641,741,21802,32104751,335.9794120788574,sf
6,73414,142114,84371,446,19623,19327287,200.4704418182373,sf
6,122017,398557,202212,950,21958,41175888,429.8870849609375,sf
6,74159,147627,93303,491,19866,21284579,221.12495613098145,sf
6,113207,309197,152347,812,19299,35209920,362.6893787384033,sf
6,85752,199024,122678,611,19377,26434596,273.61420345306396,sf
6,62016,122350,78166,389,18477,16855956,173.79361248016357,sf
6,58118,114469,71267,399,10893,17329248,163.51503658294678,sf
6,94500,248620,144252,756,16224,32780265,329.4029550552368,sf
6,83708,160363,99584,576,17640,24995100,255.76342487335205,sf
6,75229,148644,91869,490,18018,21237150,218.4233798980713,sf
6,91598,214331,119346,639,19979,27676620,287.34721088409424,sf
6,69703,131931,78804,424,15952,18362786,186.05552864074707,sf
6,93397,218467,122702,648,14035,28112279,275.9458589553833,sf
6,69234,135096,85344,422,20440,18303054,190.73653888702393,sf
6,57138,112728,70173,360,11519,15610293,149.22556114196777,sf
6,48899,95655,61627,313,13607,13521970,133.71245861053467,sf
6,58597,113622,74394,418,10835,18179694,171.29065990447998,sf
6,85404,170575,103808,559,17062,24280440,247.39460277557373,sf
6,37859,72602,46443,239,9058,10352957,96.89107608795166,sf
6,73489,145036,90099,467,14790,20233379,202.24590873718262,sf
6,79597,155945,93558,491,21398,21244113,222.25021648406982,sf
6,79439,159508,97507,493,17856,21372020,219.54655075073242,sf
6,101638,250079,141501,704,19185,30556080,315.19497203826904,sf
6,62623,126799,76655,402,16141,17405094,176.56138515472412,sf
6,61634,123676,78495,399,13185,17289620,169.78180599212646,sf
6,42700,82960,54088,279,11214,12113441,115.75089454650879,sf
6,81875,160633,95863,484,14726,21002922,209.5993251800537,sf
6,46309,91236,57675,308,9849,13388466,125.23385047912598,sf
6,78841,159039,95333,514,11274,22363551,211.1541290283203,sf
6,77651,141822,93351,547,14456,23753169,235.59405612945557,sf
6,98816,246711,132303,689,16437,29918013,301.9161033630371,sf
6,88879,177045,106742,582,15378,25270323,253.08596992492676,sf
6,120080,314172,161685,845,21007,36690731,381.7146940231323,sf
6,66775,132122,81264,446,10847,19400521,182.63015270233154,sf
6,97237,246731,129153,686,18939,29714340,306.1314573287964,sf
6,91543,183295,108239,598,17594,25972396,265.4924077987671,sf
6,52215,100588,64768,342,14806,14788080,148.13861846923828,sf
6,69007,137481,86907,468,18224,20301536,208.72849559783936,sw
6,78153,154846,95992,518,13561,22484138,222.17284202575684,sw
6,70794,139369,86478,441,12105,19125900,185.39431858062744,sw
6,97872,265711,146006,779,15510,33811800,340.7481880187988,sw
6,113799,380753,171647,896,19722,38852340,402.8821792602539,sw
6,46602,93183,58980,306,10255,13269970,124.44406318664551,sw
6,105284,208471,121041,607,13412,26341168,259.8316011428833,sw
6,108039,289680,144348,723,21226,31329576,327.26142501831055,sw
6,99489,254490,140941,713,16277,30926300,313.6575298309326,sw
6,96161,193481,121835,607,16214,26363964,267.26005935668945,sw
6,69890,140113,85570,455,9758,19808740,184.61121463775635,sw
6,72452,144793,89108,483,9845,21009230,195.84382915496826,sw
6,77642,147411,92257,487,15374,21154624,212.93563556671143,sw
6,103760,283712,160531,769,18187,33318584,342.4763927459717,sw
6,77825,154411,93390,501,10869,21803214,207.00850772857666,sw
6,80261,159558,96473,489,14372,21213072,211.48248386383057,sw
6,50150,98134,63175,326,12209,14064768,136.54726886749268,sw
6,78261,157534,94688,528,13043,22929594,225.15468788146973,sw
6,95262,229162,123454,628,21075,27144600,283.347620010376,sw
6,85227,167417,104449,549,17602,23833108,244.0578374862671,sw
6,78308,156156,98361,522,15047,22630688,227.1161985397339,sw
6,93138,250466,142803,737,21584,31987488,334.66110038757324,sw
6,61391,123318,76265,397,11360,17244480,165.17809677124023,sw
6,72040,143315,87569,449,13687,19490288,192.87601280212402,sw
6,77904,153616,91525,484,14924,20983144,210.34238624572754,sw
6,106228,278560,142250,732,17833,31707074,325.1802797317505,sw
6,96598,227146,129935,637,16987,27586888,281.29580211639404,sw
6,72372,136692,82654,443,13993,19198396,190.63653087615967,sw
6,54565,106091,69569,355,16836,15354432,156.38880157470703,sw
6,45827,90019,56669,282,10824,12231120,116.03027629852295,sw
6,86914,214162,126001,667,19172,28911376,298.90895557403564,sw
6,72304,145817,87143,472,10147,20557822,192.3351411819458,sw
6,41897,80817,52473,266,11485,11507970,110.46552181243896,sw
6,52199,96901,63182,357,14971,15420130,154.6424388885498,sw
6,61160,121119,79048,399,10906,17362352,164.9584436416626,sw
6,84874,174681,104438,552,11272,24009360,229.63002967834473,sw
6,70491,140470,87375,468,15173,20271128,203.67121505737305,sw
6,104882,220204,112160,607,13767,26405106,261.53640937805176,sw
6,92192,222836,129168,656,13815,28431270,281.7616996765137,sw
6,45934,90184,56574,298,11529,12866364,123.59999465942383,sw
6,99758,264499,145354,744,18923,32282638,333.29511070251465,sw
6,116395,419092,196146,1009,21867,43734000,458.1181592941284,sw
6,57568,112526,69088,368,15418,15911376,160.22170543670654,sw
6,58846,118217,77085,412,11295,17891280,171.1848201751709,sw
6,39567,76412,48522,254,9704,11023744,102.72291088104248,sw
6,94930,235329,134896,702,18745,30404390,313.5788240432739,sw
6,59091,114803,70354,367,17380,15850560,162.07094764709473,sw
6,65369,125164,75949,413,9787,17988506,167.6609649658203,sw
6,74962,142927,90223,447,15092,19408312,194.85777950286865,sw
6,74556,148685,89992,503,10632,21923184,207.19772243499756,sw
6,70682,140668,87755,474,11799,20577456,198.53156280517578,sw
6,65088,128045,81466,428,10647,18632250,176.14598941802979,sw
6,119497,340200,162987,827,18297,35862120,368.87683391571045,sw
6,60289,120077,73925,402,10585,17465250,164.90948390960693,sw
6,115951,404293,179021,949,21158,41088836,429.0725803375244,sw
6,93843,248939,139914,725,20363,31399746,326.661789894104,sw
6,38231,73524,46893,243,9153,10525950,97.94702339172363,sw
6,96686,246004,142066,713,21220,30853880,322.2831735610962,sw
6,47926,94141,61023,318,11011,13807794,131.44523906707764,sw
6,60777,118347,77946,386,15918,16713900,169.02541637420654,sw
6,64120,126184,80027,421,13679,18220428,180.28906536102295,sw
6,108181,299061,156262,803,15968,34842176,352.49732971191406,sw
6,87286,217528,125249,670,15005,29019670,291.12073516845703,sw
6,47531,91667,60127,319,13490,13759800,135.85546588897705,sw
6,86244,169832,100893,526,12607,22843884,223.0270538330078,sw
6,42891,83554,53076,285,11824,12320608,118.91731834411621,sw
6,125415,356654,169391,889,18013,38583846,396.16423416137695,sw
6,61021,121726,77405,388,12240,16793280,163.1095609664917,sw
6,76080,152384,92447,466,11353,20253752,193.98411655426025,sw
6,45942,88644,57092,307,13639,13257108,131.11837005615234,sw
6,51765,102430,66219,340,10029,14782746,137.93878936767578,sw
6,77593,153820,95349,491,19941,21296988,221.09406757354736,sw
6,77476,154537,93361,502,15745,21791080,220.048095703125,sw
6,123487,351287,171180,869,19891,37673554,391.0026750564575,sw
6,107549,264995,141267,698,18446,30251440,311.4422492980957,sw
6,92022,218281,130486,643,21846,27831804,291.51342391967773,sw
6,87882,176162,105744,559,14478,24265128,242.17566776275635,sw
6,71460,135723,82453,425,13295,18426870,181.50584316253662,sw
6,103571,247046,131473,669,17313,28981962,296.1977071762085,sw
6,63744,122975,77877,446,9745,19392550,180.72901248931885,sw
6,94377,235906,143981,699,15862,30296420,306.2464141845703,sw
6,56024,107671,70952,397,17992,17164368,176.2144317626953,sw
6,49916,97952,63083,312,11926,13476380,130.2799415588379,sw
6,33414,64685,43635,219,9840,9485760,88.42223644256592,sw
6,48724,94802,60633,317,9864,13789872,128.5512228012085,sw
6,98430,259613,146421,738,15839,31994780,323.3518934249878,sw
6,61158,122254,77222,414,9854,18013112,167.9166955947876,sw
6,66753,133818,81612,413,10019,17974086,167.68231678009033,sw
6,44649,87560,56573,262,10788,11370552,107.78897190093994,sw
6,78163,155756,92408,495,12059,21489138,208.16262435913086,sw
6,97326,251527,133274,705,18727,30525010,314.7886791229248,sw
6,70748,137488,88190,450,19152,19496736,201.54529857635498,sw
6,99223,203362,112576,626,12734,27174356,265.7691926956177,sw
6,82500,164083,102414,550,17021,23897484,243.72890758514404,sw
6,104672,356520,183683,959,21755,41595560,435.5066022872925,sw
6,69361,140730,81553,421,10984,18321312,174.32442474365234,sw
6,47172,91964,61066,295,12596,12721960,124.18732833862305,sw
6,77372,155663,94349,504,13197,21880626,215.27298164367676,sw
6,121141,431908,192756,986,20892,42703248,445.38460540771484,sw
6,44587,87866,54011,263,9390,11418240,106.31808757781982,sw
6,66443,132065,86422,426,10680,18519120,175.1897439956665,sw
9,622511,2617398,1077167,2638,14450,114576317,1143.1954202651978,erdos
6,483862,2346255,992794,2405,14253,104376207,1039.3014039993286,erdos
10,704249,2818767,1454567,3325,18232,144286832,1483.5607929229736,erdos
8,202094,644348,333220,1727,13735,74986802,742.4612894058228,erdos
6,342245,1322735,607839,1830,13589,79437854,785.2154359817505,erdos
6,370282,1482516,730180,2032,16153,88234877,894.0215911865234,erdos
6,441598,2236966,1022108,2309,16802,100239091,1020.7212772369385,erdos
10,637943,2532960,1213705,2909,17732,126213126,1293.5534715652466,erdos
6,416235,1685406,735947,1775,15598,77104205,777.6417398452759,erdos
13,1325221,4523883,2249039,3261,17828,141490616,1451.044843673706,erdos
6,476083,2173095,941656,1931,15972,83824060,848.0729875564575,erdos
6,508578,2364873,1009950,2107,14748,91422623,914.894190788269,erdos
6,474343,2108730,926576,1987,14854,86255952,864.0742330551147,erdos
6,438495,1891577,792467,1848,16348,80196267,813.815731048584,erdos
6,443411,2109398,914061,2185,16055,94838791,960.161997795105,erdos
6,489487,2488151,1059818,2333,16005,101292892,1025.0897045135498,erdos
6,452710,2240300,959218,2306,15643,100109814,1010.0517978668213,erdos
6,323074,1499009,723317,1974,14660,85692055,856.8026475906372,erdos
6,428969,2211426,991247,2604,17034,113066652,1153.2949237823486,erdos
6,371927,1640966,665150,1883,15973,81724694,826.8411598205566,erdos
6,464347,2178039,956092,2338,15709,101502434,1024.6868476867676,erdos
6,299326,1235512,530335,1657,14402,71936020,717.4008502960205,erdos
6,274371,942005,472452,1783,14484,77436556,772.8907079696655,erdos
6,348515,1307847,536509,1653,13899,71758744,711.8117399215698,erdos
6,212242,722104,376616,1397,13853,60676894,601.5682859420776,erdos
8,367716,1473796,750403,2640,16066,114618698,1160.525538444519,erdos
6,479864,2424127,978591,2555,15983,110929900,1122.4247913360596,erdos
6,339351,1455340,633315,1969,16500,85451503,868.1731357574463,erdos
6,416839,2006500,818631,2162,17555,93855520,960.7945766448975,erdos
6,405109,1981982,918094,2246,16132,97490954,987.6292362213135,erdos
6,462046,2047816,797945,1933,13770,83923404,831.2744932174683,erdos
6,426478,1824888,701307,2033,14619,88269914,882.228946685791,erdos
6,422064,1825589,691862,1859,16013,80653744,816.2815980911255,erdos
6,428151,2211367,909048,2532,17719,109925855,1126.5378684997559,erdos
6,271992,884412,490894,1179,15958,51196206,518.0029726028442,rgg
6,109450,366666,175326,962,16042,41751004,422.6394329071045,rgg
6,174866,366523,195539,684,16515,29640565,300.96389389038086,rgg
6,254813,631176,305506,682,13087,29592341,290.6189489364624,rgg
6,159830,356574,213007,826,13647,35870866,354.7716541290283,rgg
6,255109,556306,257575,848,16209,36803264,373.0221996307373,rgg
6,188625,474312,268432,967,16667,41976474,426.984676361084,rgg
6,152975,306832,173478,779,13440,33843508,334.02556228637695,rgg
6,188779,618221,352143,1230,17921,53380649,547.866982460022,rgg
6,193750,447862,234714,938,14333,40695359,405.47643756866455,rgg
6,191750,562992,316675,1085,16238,47086508,477.33942890167236,rgg
6,210384,492992,262025,956,15880,41482491,419.5348358154297,rgg
6,164262,278419,159068,646,13344,28003539,275.96900749206543,rgg
6,121777,184361,100459,457,13260,19805583,194.98160457611084,rgg
6,263773,833888,397709,1355,17815,58802298,603.1471004486084,rgg
6,219669,712630,370895,1223,16252,53073792,538.4195594787598,rgg
6,132611,280979,164997,684,15859,29663205,299.7512159347534,rgg
6,175978,412798,231314,828,15849,35960065,363.43100452423096,rgg
6,174658,321117,158319,649,13045,28159474,276.6041011810303,rgg
6,115476,383917,169743,920,15414,39909314,401.7400484085083,rgg
6,97753,198627,118154,619,14105,26905808,267.47041416168213,rgg
6,334268,1579629,680424,2018,18792,87682458,867.5699081420898,sf
6,343829,1354781,630068,1726,16409,75001696,722.3209114074707,sf
6,280191,721477,344234,1135,12226,49337924,455.15204906463623,sf
6,426793,1598129,623159,1722,17781,74822934,738.8690137863159,sf
6,187555,504285,280384,1066,13346,46320795,438.8546504974365,sf
6,355361,1133968,485500,1209,15974,52514473,516.9555463790894,sf
6,212101,821986,469798,1757,20464,76279646,776.4776906967163,sf
6,188197,625942,354962,1228,16106,53277862,525.0889329910278,sf
6,249108,754423,358487,1299,15202,56415426,545.08802318573,sf
6,311289,1075066,472545,1399,18912,60727020,615.2307825088501,sf
6,127661,519609,234375,1263,15452,54843946,533.6786937713623,sf
6,134969,593622,260653,1364,15051,59235960,567.8296737670898,sf
6,204628,527186,261252,1016,13487,44135191,419.9331703186035,sf
6,245497,989849,458384,1570,20235,68088780,695.023027420044,sf
6,368434,1572518,659719,1995,21260,86596614,882.2717123031616,sf
6,310197,1266825,578614,1644,20552,71327626,728.7142782211304,sf
6,227179,1041301,550226,2063,20038,89604108,899.6284255981445,sf
6,329815,1312630,624926,1821,17342,79147666,772.0427856445312,sf
6,437185,1923853,770752,1933,21538,83882925,858.0502119064331,sf
6,274468,882720,412613,1483,17773,64434903,642.8273181915283,sf
6,284438,923255,417170,1334,14300,57977914,549.0387535095215,sf
6,416183,2120163,932274,2031,19117,88091136,910.4875736236572,sw
6,197946,600695,353574,1188,13422,51594168,508.9927644729614,sw
6,260800,757010,378123,1205,12303,52336962,508.79895973205566,sw
6,431926,1851352,715947,1876,21454,81353568,850.6633710861206,sw
6,315792,1297746,598070,1675,16300,72698000,737.4554176330566,sw
6,441685,2162262,958444,2216,19504,96154720,995.9319686889648,sw
6,420297,2036153,871452,2099,19782,91036764,944.3118362426758,sw
6,408554,2172014,999027,2478,19817,107527042,1115.569977760315,sw
6,378041,1795173,784366,2109,17776,91510848,938.1606111526489,sw
6,205322,566265,335037,1032,12657,44805780,437.746488571167,sw
6,342716,1483817,718672,2033,16682,88281144,898.1537313461304,sw
6,327862,1253502,607544,1590,16587,69001920,701.5139322280884,sw
